date,stars,forks,watchers,open_issues,open_prs,contributors,release_downloads,tauri_release_downloads
2026-09-14,4413,431,40,7,18,50,3188,75
2026-09-15,4414,430,40,6,12,50,3217,75
2026-09-16,4415,430,40,6,12,50,3267,75
2026-09-17,4417,431,40,6,13,50,3339,76
2026-09-18,4417,432,40,5,13,52,3387,76
2026-09-19,4418,433,40,5,11,52,3457,76
2026-09-20,4420,432,40,3,8,52,3571,76
2026-09-21,4419,435,40,3,14,52,3697,76
2026-09-22,4419,435,40,3,10,53,3744,76
2026-09-23,4420,436,40,9,18,53,3809,76
2026-09-24,4423,437,40,3,16,53,3895,76
2026-09-25,4427,439,40,3,20,53,4087,76
2026-09-26,4429,439,40,4,20,53,4164,76
2026-09-27,4430,439,40,3,18,53,4222,76
2026-09-28,4433,440,40,3,26,54,4271,77
2026-09-29,4437,443,40,4,22,55,4409,77
2026-09-30,4439,445,40,3,19,55,4453,77
2026-10-01,4438,446,40,3,16,55,4510,77
2026-10-02,4439,447,40,5,48,55,4611,77
2026-10-03,4442,447,40,5,44,55,4785,77
2026-10-04,4444,447,40,7,44,55,4844,77
2026-10-05,4445,448,40,6,46,56,4932,77
